Alphonse,504-621-8927
Armando,810-292-9388
Arthur,856-636-8749
Ashlee,907-385-4412
Ashleigh,513-570-1893
Ashley,419-503-2484
Audrey,773-573-6914
Austin,408-752-3500
Autumn,605-414-2147
Barbara,410-655-8723
Barry,215-874-1229
Benjamin,631-335-3414
Beth,310-498-5651
Bethany,440-780-8425
Billy,956-537-6195
Blake,602-277-4385
Bobby,931-313-9635
Bonnie,414-661-9598
Brad,313-288-7937
Bradley,815-828-2147
Brandi,610-545-3615
Brandon,408-540-1785
Brandy,972-303-9197
Brenda,518-966-7987
Brendan,732-658-3154
Brent,715-662-6764
Brett,913-388-2079
Brian,410-669-1642
Brianna,212-582-4976
Bridget,936-336-3951
Brittany,614-801-9788
Brittney,505-977-3911
Brooke,201-709-6245
Bruce,732-924-7882
Bryan,212-860-1579
Bryce,504-979-9175
Caitlin,212-675-8570
Caleb,805-832-6163
Calvin,210-812-9597
Cameron,785-463-7829
Candace,541-548-8197
Candice,913-413-4604
Cara,907-231-4722
Carl,305-606-7291
Carla,907-741-1044
Carlos,952-768-2416
Carly,617-399-5124
Carmen,323-453-2780
Caroline,608-336-7444
Carolyn,215-907-9111
Carrie,212-402-9216
Casey,931-875-6644
Cassandra,803-925-5213
Cassie,610-814-5533
Catherine,908-877-6135
Chad,516-968-6051
Charles,215-934-8655
Charlotte ,818-423-4007
Chase,401-458-2547
Chelsea,215-211-9589
Cheryl,401-960-8259
Christian,732-234-1546
Christie,512-486-3817
Christina,303-724-7371
Christine,414-748-1374
Christopher,212-674-9610
Christy,907-797-9628
Cindy,814-393-5571
Claire,410-914-9018
Claudia,208-862-5339
Clayton,415-315-2761
Clinton,919-225-9345
Cody,650-528-5783
Cole,925-647-3298
Colin,740-343-8575
Colleen,585-866-8313
Corey,410-520-4832
Cory,973-354-2040
Courtney,773-446-5569
Craig,973-927-3447
Cristina,505-975-8559
Crystal,718-332-6527
Curtis,904-775-4480
Cynthia,510-993-3758
Daisy,216-657-7668
Dale,817-914-7518
Dana,310-774-7643
Dane,847-728-7286
Daniel,330-537-5358
Danielle,215-255-1641
Danny,650-803-1936
Darrell,626-572-1096
Darren,254-782-8569
Darryl,907-870-5536
David,408-703-8505
Dawn,510-503-7169
Deanna,317-722-5066
Deborah,307-704-8713
Denise,703-235-3937
Dennis,504-710-5840
Derek,303-301-4946
Derrick,510-828-7047
Desiree,808-892-7943
Devin,952-334-9408
Devon,336-243-5659
Diana,516-509-2347
Diane,503-939-3153
Dominic,608-976-7199
Dominique,508-429-8576
Donald,305-385-9695
Donna,814-460-2655
Douglas,972-666-3413
Drew,931-273-8709
Dustin,973-649-2922
Dylan,305-420-8970
Ebony,410-224-9462
Eddie,805-275-3566
Eduardo,808-215-6832
Edward,229-735-3378
Edwin,617-418-5043
Elizabeth,201-672-1553
Emily,650-933-5072
Emmanuel,909-639-9887
Eric,510-955-3016
Erica,518-497-2940
Erik,570-867-7489
Erika,973-245-2133
Erin,908-409-2890
Ernest,321-749-4981
Eugene,718-809-3762
Evan,808-315-3077
Evelyn,303-623-4241
Felicia,973-310-1634
Fernando,609-524-3586
Francisco,908-877-8409
Frank,508-584-4279
Frederick,773-775-4522
Gabriel,503-527-5274
Garrett,214-339-1809
Gary,312-303-5453
Geoffrey,419-939-3613
George,951-645-3605
Gerald,254-463-4368
Gina,615-406-7854
Glenn,414-959-2540
Gloria,410-387-5260
Grace,972-934-6914
Grant,310-560-8022
Gregory,516-948-5768
Haley,609-518-7697
Hannah,513-508-7371
Heather,541-326-4074
Hector,919-533-3762
Heidi,212-332-8435
Henry,602-906-9419
Hilary,317-234-1135
Hillary,315-304-4759
Holly,856-487-5412
Ian,516-212-1915
Isaac,501-308-1040
Ivan,651-591-2583
Jack,215-325-3042
Jaclyn,985-890-7262
Jacob,631-957-7624
Jacqueline,916-591-3277
Jacquelyn,208-649-2373
Jaime,512-587-5746
Jake,215-964-3284
James,808-477-4775
Jamie,775-501-8109
Janelle,847-979-9545
Janet,973-545-7355
Jared,864-256-3620
Jasmine,410-209-9545
Jason,914-855-2115
Javier,212-260-3151
Jay,510-677-9785
Jeffery,978-697-6263
Jeffrey,415-767-6596
Jenna,201-971-1638
Jennifer,925-634-7158
Jenny,773-494-4195
Jeremiah,973-943-3423
Jeremy,419-544-4900
Jermaine,310-579-2907
Jerome,352-242-2570
Jerry,408-758-5015
Jesse,570-889-5187
Jessica,201-588-7810
Jessie,925-615-5185
Jesus,908-802-3564
Jill,631-748-6479
Jillian,805-690-1682
Jimmy,908-275-8357
Joanna,503-940-8327
Jodi,503-516-2189
Joe,856-305-9731
Joel,770-507-8791
John,904-235-3633
Johnathan,207-458-9196
Johnny,817-765-5781
Jon,716-752-4114
Jonathan,305-670-9628
Jonathon,212-313-1783
Jordan,215-605-7570
Jorge,850-430-1663
Jose,415-306-7897
Joseph,408-504-3552
Joshua,650-947-1215
Joy,818-864-4875
Juan,215-558-8189
Julia,337-253-8384
Julian,313-533-4884
Julie,512-213-8574
Justin,214-428-2285
Kaitlin,206-697-5796
Kara,610-476-3501
Karen,215-372-1718
Kari,310-858-5079
Karl,707-653-8214
Kate,407-808-9439
Katelyn,760-971-4322
Katherine,508-837-9230
Kathleen,936-264-9294
Kathryn,414-214-8697
Katie,626-636-4117
Katrina,914-300-9193
Kayla,214-289-1973
Keith,228-235-5615
Kelli,305-604-8981
Kellie,212-304-9225
Kelly,201-474-4924
Kelsey,734-928-5182
Kendra,631-258-6558
Kenneth,330-791-8557
Keri,203-506-4706
Kevin,703-322-4041
Kimberly,978-626-2978
Krista,419-693-1334
Kristen,253-660-7821
Kristi,916-741-7884
Kristin,307-342-7795
Kristina,207-627-7565
Kristine,215-491-5633
Kristopher,813-769-2939
Kristy,619-608-1763
Krystal,979-718-8968
Krystle,847-233-3075
Kurt,609-228-5265
Kyle,908-722-7128
Lacey,718-560-9537
Lance,314-787-1588
Larry,209-317-1801
Latasha,973-936-5095
Latoya,317-578-2453
Laura,206-540-6076
Lauren,336-822-7652
Lawrence,785-629-8542
Leah,407-471-6908
Lee,612-508-2655
Leonard,803-352-5387
Leslie,707-300-1771
Levi,847-222-1734
Linda,949-867-4077
Lindsay,303-404-2210
Lindsey,203-801-6193
Lisa,425-986-7573
Logan,440-989-5826
Lori,603-315-6839
Louis,321-518-5938
Lucas,212-792-8658
Luis,714-584-2237
Luke,248-913-4677
Lydia,317-825-4724
Maggie,940-276-7922
Mallory,203-721-3388
Mandy,410-739-9277
Manuel,504-463-4384
Marc,804-550-5097
Marco,215-979-8776
Marcus,952-651-7597
Margaret,305-936-8226
Maria,414-263-5287
Marie,732-941-2621
Mario,701-898-2154
Marisa,775-638-9963
Marissa,602-954-5141
Mark,615-390-2251
Martha,410-351-1863
Martin,212-870-1286
Marvin,806-703-1435
Mary,323-765-2528
Mathew,619-509-5282
Matthew,770-732-1194
Maurice,508-769-5250
Mayra,269-756-7222
Meagan,973-714-1721
Megan,337-740-9323
Meghan,717-491-5643
Melanie,314-359-9566
Melinda,817-213-8851
Melissa,813-932-8715
Melody,770-679-4752
Meredith,760-938-6069
Micah,517-906-1108
Michael,602-390-4944
Micheal,207-295-7569
Michele,301-696-6420
Michelle,717-809-3119
Miguel,972-419-7946
Mindy,406-318-1515
Miranda,973-767-3008
Misty,248-980-6904
Mitchell,216-923-3715
Molly,325-631-1560
Monica,817-526-4408
Monique,718-201-3751
Morgan,401-893-4882
Nancy,717-885-9118
Naomi,401-948-4982
Natalie,305-622-4739
Natasha,201-832-4168
Nathan,210-856-4979
Nathaniel,718-478-8504
Neil,909-993-3242
Nicholas,216-230-4892
Nichole,212-304-4515
Nicolas,804-762-9576
Nicole,706-221-4243
Nikki,337-515-1438
Nina,973-544-2677
Noah,607-407-3716
Olivia,973-412-2995
Omar,208-252-4552
Oscar,415-411-1775
Pamela,508-942-4186
Patricia,248-357-8718
Patrick,920-353-6377
Paul,410-665-4903
Paula,719-669-1664
Pedro,419-588-8719
Peter,301-998-9644
Philip,508-855-9887
Phillip,703-483-1970
Preston,410-678-2473
Priscilla,512-223-4791
Rachael,623-461-8551
Rachel,419-571-5920
Rafael,206-311-4137
Ramon,513-617-2362
Randall,812-368-1511
Randi,847-353-2156
Randy,718-232-2337
Raquel,407-446-4358
Raul,310-820-2117
Raymond,813-797-4816
Rebecca,915-452-1290
Rebekah,619-603-5125
Regina,301-841-5012
Reginald,714-523-6653
Renee,314-732-9131
Ricardo,512-233-1831
Richard,336-670-2640
Ricky,631-443-4710
Robert,201-825-2514
Roberto,901-412-4381
Robin,404-505-4445
Robyn,650-473-1262
Rodney,952-702-7993
Roger,480-726-1280
Ronald,718-976-8610
Ronnie,770-844-3447
Rosa,507-210-3510
Rose,203-461-1949
Ross,260-273-3725
Roy,601-927-8287
Ruben,586-970-7380
Russell,719-853-3600
Ruth,212-745-8484
Ryan,510-686-3407
Sabrina,773-704-9903
Samantha,570-218-4831
Samuel,530-986-9272
Sandra,845-823-8877
Sara,216-600-6111
Sarah,973-852-2736
Savannah,907-435-9166
Scott,215-268-1275
Sean,513-977-7043
Sergio,310-699-1222
Seth,515-370-7348
Shana,610-809-1818
Shane,919-623-2524
Shanna,509-695-5199
Shannon,914-868-5965
Sharon,410-757-1035
Shaun,516-847-4418
Shawn,508-456-4907
Shawna,918-644-9555
Sheena,231-467-9978
Sheila,337-566-6001
Sierra,419-975-3182
Sophia,619-461-9984
Spencer,203-892-3863
Stacey,201-920-9002
Stacy,330-903-1345
Stefanie,201-238-5688
Stephanie,616-737-3085
Stephen,601-567-5386
Steve,901-640-9178
Steven,303-402-1940
Summer,901-901-4726
Susan,626-866-2339
Suzanne,773-225-9985
Tabitha,718-228-5894
Tamara,509-755-5393
Tammy,410-890-7866
Tanya,973-860-8610
Tara,562-579-6900
Taryn,732-628-9909
Tasha,973-210-3994
Taylor,303-776-7548
Teresa,757-682-7116
Terrance,602-919-4211
Terry,305-968-9487
Theodore,602-896-2993
Theresa,386-526-7800
Thomas,415-331-9634
Tiffany,858-793-9684
Timothy,201-991-8369
Tina,909-430-7765
Todd,617-365-2134
Tommy,760-291-5497
Toni,310-510-9713
Tony,717-528-8996
Tonya,480-293-2882
Tracy,561-470-4574
Travis,615-246-1824
Trevor,859-717-7638
Trisha,734-561-6170
Tristan,936-751-7961
Troy,973-482-2430
Tyler,201-693-3967
Tyrone,305-988-4162
Valerie,931-553-9774
Vanessa,714-771-3880
Veronica,847-633-3216
Victor,215-888-3304
Victoria,973-654-1561
Vincent,814-865-8113
Virginia,801-293-9853
Walter,910-922-3672
Wayne,213-975-8026
Wendy,517-499-2322
Wesley,315-818-2638
Whitney,574-656-2800
William,407-312-1691
Willie,973-751-9003
Yolanda,609-200-8577
Zachary,608-382-4541
Zeid,940-072-7679
